Rank,Pos,ID,Name,Team,Opp,Comp,Yards,TD,Int,Att,Yards,TD,Rec,Yards,TD,Fantasy Points
1,QB,10273,"Newton, Cam",CAR,IND,19.84,241,1.62,0.93,6.99,36,0.5,0,0,0,29
2,QB,7394,"Rivers, Philip",SDC,BAL,29.86,342,2.36,0.8,1.32,3,0,0,0,0,24
3,QB,4925,"Brees, Drew",NOS,NYG,28.93,320,1.67,0.86,1.63,2,0.06,0,0,0,23
4,QB,10695,"Luck, Andrew",IND,CAR,21.6,260,1.72,1.18,3.88,19,0.07,0,0,0,22
5,QB,10697,"Tannehill, Ryan",MIA,NEP,25.39,280,2.03,0.92,2.23,13,0.05,0,0,0,22
6,QB,6929,"Palmer, Carson",ARI,CLE,21.91,286,1.95,0.74,1.69,2,0,0,0,0,22
7,QB,9099,"Ryan, Matt",ATL,TBB,26.72,296,1.53,0.85,1.9,6,0,0,0,0,22
8,QB,5848,"Brady, Tom",NEP,MIA,26.53,301,2.27,0.51,2.54,3,0.2,0,0,0,22
9,QB,10313,"Dalton, Andy",CIN,PIT,22.19,264,1.86,0.79,4,11,0.27,0,0,0,21
10,QB,8252,"Cutler, Jay",CHI,MIN,21.7,251,1.65,1.05,2.62,15,0.04,0,0,0,21
11,QB,9431,"Stafford, Matthew",DET,KCC,23.37,267,1.58,1.11,1.69,6,0.05,0,0,0,21
12,QB,7391,"Manning, Eli",NYG,NOS,25.07,280,1.7,0.68,1.18,3,0.01,0,0,0,21
13,QB,8062,"Fitzpatrick, Ryan",NYJ,OAK,20.47,241,1.65,0.92,4.2,18,0.18,0,0,0,21
14,QB,3291,"Manning, Peyton",DEN,GBP,25.3,279,1.94,1.16,1,0,0,0,0,0,21
15,QB,7836,"Rodgers, Aaron",GBP,DEN,18.27,224,1.95,0.51,4.04,22,0.05,0,0,0,20
16,QB,7401,"Roethlisberger, Ben",PIT,CIN,20.02,245,1.52,0.74,1.69,4,0.02,0,0,0,20
17,RB,11192,"Bell, Le'Veon",PIT,CIN,0,0,0,0,20.03,91,0.63,4.47,37,0.07,19
18,QB,9714,"Hoyer, Brian",HOU,TEN,19.71,242,1.5,0.77,1.45,3,0.06,0,0,0,19
19,QB,10703,"Wilson, Russell",SEA,DAL,18.45,228,1.26,0.67,6.72,39,0.15,0,0,0,18
20,WR,10271,"Jones, Julio",ATL,TBB,0,0,0,0,0.03,0,0,8.08,109,0.57,17
21,QB,7813,"Smith, Alex",KCC,DET,20.02,229,1.21,0.43,3.34,17,0.02,0,0,0,17
22,RB,8658,"Peterson, Adrian",MIN,CHI,0,0,0,0,19,85,0.56,3,20,0.01,17
23,RB,11660,"Freeman, Devonta",ATL,TBB,0,0,0,0,14.83,70,0.88,3.95,35,0.13,17
24,RB,12098,"West, Charcandrick",KCC,DET,0,0,0,0,15.38,77,0.74,3.06,25,0.17,16
25,RB,10276,"Ingram, Mark",NOS,NYG,0,0,0,0,15.86,72,0.74,3.34,23,0,16
26,QB,9064,"Flacco, Joe",BAL,SDC,22.69,246,1.42,1.09,1.99,4,0.2,0,0,0,16
27,QB,11640,"Bridgewater, Teddy",MIN,CHI,20.36,229,1.05,0.71,2.95,10,0.09,0,0,0,15
28,QB,10297,"Kaepernick, Colin",SFO,STL,14.31,173,0.91,0.74,6.39,38,0.11,0,0,0,15
29,QB,10699,"Foles, Nick",STL,SFO,19.45,225,1.34,0.84,1.66,4,0.09,0,0,0,15
30,RB,8670,"Lynch, Marshawn",SEA,DAL,0,0,0,0,16.36,74,0.6,1.74,16,0.08,15
31,WR,8657,"Johnson, Calvin",DET,KCC,0,0,0,0,0,0,0,6.15,92,0.57,15
32,TE,9902,"Gronkowski, Rob",NEP,MIA,0,0,0,0,0,0,0,5.25,76,0.82,14
33,QB,12140,"Winston, Jameis",TBB,ATL,15.91,209,1.36,1.02,2.9,9,0.1,0,0,0,14
34,WR,10722,"Jeffery, Alshon",CHI,MIN,0,0,0,0,0.17,1,0,4.83,67,0.61,13
35,RB,10389,"Lewis, Dion",NEP,MIA,0,0,0,0,8.26,41,0.52,3.14,30,0.2,13
36,RB,9087,"McFadden, Darren",DAL,SEA,0,0,0,0,12.39,53,0.52,3.02,21,0,13
37,WR,8360,"Marshall, Brandon",NYJ,OAK,0,0,0,0,0,0,0,5.49,72,0.54,13
38,WR,11679,"Beckham, Odell",NYG,NOS,0,0,0,0,0.22,1,0,5.34,70,0.56,13
39,QB,11644,"Carr, Derek",OAK,NYJ,18.62,197,1.38,0.72,1.71,5,0,0,0,0,13
40,WR,8673,"Ginn Jr., Ted",CAR,IND,0,0,0,0,0.42,3,0,3.66,57,0.5,12
41,RB,11654,"Hill, Jeremy",CIN,PIT,0,0,0,0,12.22,48,0.58,1.43,11,0.13,12
42,WR,8776,"Jones, James",GBP,DEN,0,0,0,0,0,0,0,3.16,50,0.67,11
43,QB,12141,"Mariota, Marcus",TEN,HOU,16.2,188,1.12,1.14,1.45,9,0.01,0,0,0,11
44,QB,6589,"McCown, Josh",CLE,ARI,16.13,192,0.79,0.97,1.84,8,0.13,0,0,0,11
45,RB,9122,"Forte, Matt",CHI,MIN,0,0,0,0,17.82,73,0.36,4.51,37,0.22,11
46,WR,11688,"Bryant, Martavis",PIT,CIN,0,0,0,0,0.35,2,0,3.05,47,0.55,11
47,TE,11250,"Eifert, Tyler",CIN,PIT,0,0,0,0,0,0,0,4.49,49,0.83,11
48,RB,9278,"Forsett, Justin",BAL,SDC,0,0,0,0,17.91,83,0.39,3.63,21,0.04,10
49,WR,9988,"Brown, Antonio",PIT,CIN,0,0,0,0,0.22,0,0,6.76,95,0.48,10
50,RB,9078,"Johnson, Chris",ARI,CLE,0,0,0,0,17.03,86,0.41,1.4,13,0.03,10
51,RB,9987,"Starks, James",GBP,DEN,0,0,0,0,15.5,76,0.35,3.5,26,0.07,10
52,WR,11232,"Hopkins, DeAndre",HOU,TEN,0,0,0,0,0,0,0,6.9,95,0.49,10
53,RB,10709,"Martin, Doug",TBB,ATL,0,0,0,0,18.1,84,0.41,2.31,18,0.1,10
54,QB,8042,"Cassel, Matt",DAL,SEA,11.15,126,0.67,0.7,1.02,3,0,0,0,0,10
55,RB,12150,"Gurley, Todd",STL,SFO,0,0,0,0,12.97,71,0.34,2.31,21,0.01,9
56,WR,10729,"Hilton, T.Y.",IND,CAR,0,0,0,0,0.08,0,0,5.1,86,0.42,9
57,WR,9884,"Thomas, Demaryius",DEN,GBP,0,0,0,0,0,0,0,6.9,87,0.48,9
58,RB,10708,"Miller, Lamar",MIA,NEP,0,0,0,0,12.43,66,0.36,2.19,19,0.09,9
59,WR,9662,"Edelman, Julian",NEP,MIA,0,0,0,0,0.63,4,0,7.07,77,0.46,8
60,RB,11834,"Blue, Alfred",HOU,TEN,0,0,0,0,13,55,0.32,3,25,0.23,8
61,WR,10261,"Green, A.J.",CIN,PIT,0,0,0,0,0.06,0,0,5.6,81,0.46,8
62,RB,7877,"Gore, Frank",IND,CAR,0,0,0,0,14.14,63,0.36,1.99,12,0.02,8
63,WR,12186,"Diggs, Stefon",MIN,CHI,0,0,0,0,0,0,0.04,5,80,0.38,8
64,RB,9101,"Stewart, Jonathan",CAR,IND,0,0,0,0,16.86,75,0.28,1.34,8,0.04,8
65,RB,12157,"Johnson, Duke",CLE,ARI,0,0,0,0,6.26,20,0,6.3,57,0.26,8
66,WR,11222,"Allen, Keenan",SDC,BAL,0,0,0,0,0,0,0,6.98,81,0.45,8
67,WR,9831,"Tate, Golden",DET,KCC,0,0,0,0,0.38,2,0,6.55,75,0.28,8
68,WR,9436,"Maclin, Jeremy",KCC,DET,0,0,0,0,0.15,0,0,5.46,74,0.26,7
69,WR,12175,"Cooper, Amari",OAK,NYJ,0,0,0,0,0.12,0,0,4.82,72,0.43,7
70,RB,10077,"Ivory, Chris",NYJ,OAK,0,0,0,0,12.93,59,0.4,1.28,10,0.12,7
71,RB,11390,"Murray, Latavius",OAK,NYJ,0,0,0,0,12.16,55,0.35,2.32,16,0,7
72,WR,4974,"Smith, Steve",BAL,SDC,0,0,0,0,0,0,0,4.78,70,0.34,7
73,RB,11454,"Anderson, C.J.",DEN,GBP,0,0,0,0,12.03,47,0.24,2.41,21,0.07,7
74,WR,7393,"Fitzgerald, Larry",ARI,CLE,0,0,0,0,0.06,0,0,4.92,68,0.49,7
75,WR,10737,"Benjamin, Travis",CLE,ARI,0,0,0,0,0.07,0,0,4.84,72,0.46,7
76,RB,11193,"Bernard, Giovani",CIN,PIT,0,0,0,0,10.93,54,0.3,2.7,18,0.05,7
77,WR,11680,"Landry, Jarvis",MIA,NEP,0,0,0,0,0.91,5,0.1,5.99,63,0.41,7
78,RB,10812,"Hillman, Ronnie",DEN,GBP,0,0,0,0,13.18,60,0.41,2.34,14,0.06,7
79,RB,11175,"Ellington, Andre",ARI,CLE,0,0,0,0,11.13,49,0.29,2.31,19,0.08,7
80,WR,9918,"Sanders, Emmanuel",DEN,GBP,0,0,0,0,0.19,1,0,4.54,61,0.36,6
81,WR,1600,"Floyd, Malcom",SDC,BAL,0,0,0,0,0.01,0,0,3.41,58,0.27,6
82,WR,10903,"Matthews, Rishard",MIA,NEP,0,0,0,0,0.19,1,0,4.08,56,0.33,6
83,RB,11656,"Sims, Charles",TBB,ATL,0,0,0,0,8.52,30,0.06,2.62,30,0.2,6
84,WR,11671,"Evans, Mike",TBB,ATL,0,0,0,0,0,0,0,4.02,62,0.43,6
85,WR,11674,"Cooks, Brandin",NOS,NYG,0,0,0,0,0.32,2,0.01,4.56,56,0.2,6
86,RB,12155,"Abdullah, Ameer",DET,KCC,0,0,0,0,9.99,39,0.24,2.52,22,0.17,6
87,WR,10308,"Cobb, Randall",GBP,DEN,0,0,0,0,0.3,1,0,4.08,55,0.48,6
88,WR,11951,"Snead, Willie",NOS,NYG,0,0,0,0,0.02,0,0,5.2,59,0.27,6
89,TE,11695,"Ebron, Eric",DET,KCC,0,0,0,0,0,0,0,4.7,56,0.36,6
90,WR,10720,"Wright, Kendall",TEN,HOU,0,0,0,0,0.24,1,0,4.5,58,0.35,6
91,QB,11641,"Manziel, Johnny",CLE,ARI,9.57,116,0.4,0.83,2.02,9,0.07,0,0,0,6
92,RB,10303,"Vereen, Shane",NYG,NOS,0,0,0,0,5.84,27,0.03,3.13,30,0.13,6
93,QB,11150,"Smith, Geno",NYJ,OAK,9.75,104,0.4,0.3,2.53,12,0.02,0,0,0,6
94,TE,8416,"Walker, Delanie",TEN,HOU,0,0,0,0,0,0,0,4.85,56,0.29,6
95,TE,6997,"Witten, Jason",DAL,SEA,0,0,0,0,0,0,0,5.6,61,0.36,6
96,TE,8687,"Olsen, Greg",CAR,IND,0,0,0,0,0,0,0,4.8,64,0.37,6
97,RB,9898,"Blount, LeGarrette",NEP,MIA,0,0,0,0,10.35,43,0.42,0.92,7,0.06,5
98,RB,11201,"Lacy, Eddie",GBP,DEN,0,0,0,0,9.5,35,0.23,1.5,11,0.07,5
99,WR,9823,"Bryant, Dez",DAL,SEA,0,0,0,0,0,0,0,3.37,47,0.42,5
100,WR,9427,"Crabtree, Michael",OAK,NYJ,0,0,0,0,0,0,0,4.48,51,0.26,5
101,WR,11783,"Brown, John",ARI,CLE,0,0,0,0,0.04,0,0,3.47,53,0.37,5
102,WR,10738,"Jones, Marvin",CIN,PIT,0,0,0,0,0.38,1,0,3.58,47,0.4,5
103,WR,10725,"Randle, Rueben",NYG,NOS,0,0,0,0,0.01,0,0,3.87,53,0.22,5
104,TE,9925,"Graham, Jimmy",SEA,DAL,0,0,0,0,0,0,0,4.1,49,0.35,5
105,WR,8117,"Washington, Nate",HOU,TEN,0,0,0,0,0,0,0,3.25,45,0.26,5
106,WR,7839,"White, Roddy",ATL,TBB,0,0,0,0,0.02,0,0.02,4.4,52,0.32,5
107,WR,10527,"Baldwin, Doug",SEA,DAL,0,0,0,0,0.1,0,0,3.72,46,0.25,5
108,WR,11076,"Kearse, Jermaine",SEA,DAL,0,0,0,0,0.01,0,0,2.67,45,0.19,5
109,WR,9308,"Amendola, Danny",NEP,MIA,0,0,0,0,0.11,0,0,4.57,48,0.34,5
110,TE,9189,"Barnidge, Gary",CLE,ARI,0,0,0,0,0,0,0,3.24,50,0.42,5
111,RB,11188,"Riddick, Theo",DET,KCC,0,0,0,0,2.9,11,0.09,3.78,34,0.3,5
112,RB,11657,"Hyde, Carlos",SFO,STL,0,0,0,0,11.14,45,0.29,1.04,6,0.02,5
113,WR,6982,"Boldin, Anquan",SFO,STL,0,0,0,0,0.03,0,0,4.22,54,0.29,5
114,TE,9044,"Bennett, Martellus",CHI,MIN,0,0,0,0,0,0,0,5.25,51,0.3,5
115,TE,11244,"Kelce, Travis",KCC,DET,0,0,0,0,0,0,0,4.03,54,0.21,5
116,WR,9467,"Britt, Kenny",STL,SFO,0,0,0,0,0.14,1,0,2.93,50,0.24,5
117,RB,10714,"Turbin, Robert",CLE,ARI,0,0,0,0,10.9,47,0.2,0.71,4,0.02,5
118,WR,9525,"Wallace, Mike",MIN,CHI,0,0,0,0,0.15,1,0,4.2,52,0.29,5
119,TE,7422,"Watson, Ben",NOS,NYG,0,0,0,0,0,0,0,3.77,40,0.38,4
120,WR,11972,"Brown, Corey",CAR,IND,0,0,0,0,0.43,3,0,2.75,39,0.13,4
121,RB,8917,"Bradshaw, Ahmad",IND,CAR,0,0,0,0,5.34,22,0.07,1.82,14,0.2,4
122,RB,8934,"Jackson, Fred",SEA,DAL,0,0,0,0,5.08,19,0.03,3.24,25,0.07,4
123,TE,7236,"Gates, Antonio",SDC,BAL,0,0,0,0,0,0,0,3.47,38,0.44,4
124,WR,10651,"Aiken, Kamar",BAL,SDC,0,0,0,0,0,0,0,2.77,36,0.3,4
125,WR,7873,"Jackson, Vincent",TBB,ATL,0,0,0,0,0,0,0,2.89,43,0.21,4
126,RB,10369,"Powell, Bilal",NYJ,OAK,0,0,0,0,5.83,24,0.06,1.99,14,0,4
127,TE,10352,"Cameron, Jordan",MIA,NEP,0,0,0,0,0,0,0,2.93,38,0.2,4
128,WR,10721,"Floyd, Michael",ARI,CLE,0,0,0,0,0.02,0,0,2.73,38,0.34,4
129,WR,10723,"Sanu, Mohamed",CIN,PIT,0,0,0,0,0.41,2,0,2.69,42,0.11,4
130,TE,11786,"Gillmore, Crockett",BAL,SDC,0,0,0,0,0,0,0,3.29,36,0.27,4
131,TE,10743,"Fleener, Coby",IND,CAR,0,0,0,0,0,0,0,2.97,36,0.24,4
132,WR,10289,"Smith, Torrey",SFO,STL,0,0,0,0,0.02,0,0,2.59,41,0.31,4
133,WR,10362,"Shorts, Cecil",HOU,TEN,0,0,0,0,0,0,0,3.71,42,0.18,4
134,WR,11890,"Wilson, Albert",KCC,DET,0,0,0,0,0.09,1,0,2.21,34,0.18,4
135,WR,11677,"Moncrief, Donte",IND,CAR,0,0,0,0,0.03,0,0,3.46,39,0.42,4
136,WR,11675,"Adams, Davante",GBP,DEN,0,0,0,0,0.07,0,0,2.84,43,0.21,4
137,WR,9843,"LaFell, Brandon",NEP,MIA,0,0,0,0,0.12,1,0,3.46,38,0.3,4
138,WR,11212,"Hunter, Justin",TEN,HOU,0,0,0,0,0,0,0,2.15,35,0.14,4
139,RB,11653,"Sankey, Bishop",TEN,HOU,0,0,0,0,7.03,25,0.05,1.49,13,0.05,4
140,RB,9693,"Woodhead, Danny",SDC,BAL,0,0,0,0,4.37,17,0.12,2.64,27,0.12,4
141,RB,9680,"Jennings, Rashad",NYG,NOS,0,0,0,0,8.31,31,0.18,1.6,13,0.06,4
142,RB,10048,"Bell, Joique",DET,KCC,0,0,0,0,6.18,21,0.2,1.55,14,0.04,4
143,WR,11229,"Wheaton, Markus",PIT,CIN,0,0,0,0,0.07,0,0,2.18,35,0.13,4
144,WR,11227,"Stills, Kenny",MIA,NEP,0,0,0,0,0.04,0,0,2.81,37,0.15,4
145,RB,9822,"Spiller, C.J.",NOS,NYG,0,0,0,0,3.86,13,0.04,3.08,25,0.09,4
146,WR,11211,"Williams, Terrance",DAL,SEA,0,0,0,0,0,0,0,2.24,40,0.36,4
147,WR,9881,"Decker, Eric",NYJ,OAK,0,0,0,0,0.16,1,0,3.44,42,0.38,4
148,TE,11521,"Donnell, Larry",NYG,NOS,0,0,0,0,0,0,0,4.39,38,0.31,4
149,QB,11645,"Mettenberger, Zach",TEN,HOU,5.91,69,0.25,0.31,1.02,2,0.02,0,0,0,4
150,WR,9269,"Johnson, Stevie",SDC,BAL,0,0,0,0,0.03,0,0,3.43,39,0.33,4
151,RB,8268,"Williams, DeAngelo",PIT,CIN,0,0,0,0,6.78,28,0.22,1,8,0,4
152,RB,11432,"Cunningham, Benny",STL,SFO,0,0,0,0,3.71,12,0.1,2.75,24,0.03,4
153,RB,11668,"Crowell, Isaiah",CLE,ARI,0,0,0,0,6.3,24,0.14,0.87,11,0.08,4
154,RB,11466,"Robinson, Khiry",NOS,NYG,0,0,0,0,7.56,29,0.47,1.6,11,0,4
155,WR,10601,"Hawkins, Andrew",CLE,ARI,0,0,0,0,0.09,0,0,2.76,33,0.05,3
156,WR,8293,"Jennings, Greg",MIA,NEP,0,0,0,0,0.01,0,0,2.76,34,0.12,3
157,RB,8243,"Bush, Reggie",SFO,STL,0,0,0,0,6.45,18,0.05,1.64,8,0.02,3
158,RB,11901,"Andrews, Antonio",TEN,HOU,0,0,0,0,4.26,18,0.22,1.05,9,0.06,3
159,TE,8247,"Davis, Vernon",SFO,STL,0,0,0,0,0.02,0,0,2.06,26,0.22,3
160,RB,11650,"Mason, Tre",STL,SFO,0,0,0,0,7.02,24,0.08,1.11,8,0.01,3
161,RB,11941,"Oliver, Branden",SDC,BAL,0,0,0,0,5.36,19,0.05,1.62,12,0.01,3
162,RB,11658,"Williams, Andre",NYG,NOS,0,0,0,0,8.12,25,0.26,0.53,4,0,3
163,RB,11761,"McKinnon, Jerick",MIN,CHI,0,0,0,0,5.97,26,0,1.25,6,0.01,3
164,RB,11194,"Davis, Knile",KCC,DET,0,0,0,0,6.43,21,0.33,0.89,8,0.06,3
165,WR,10973,"Beasley, Cole",DAL,SEA,0,0,0,0,0,0,0,2.7,29,0.09,3
166,RB,11189,"Stacy, Zac",NYJ,OAK,0,0,0,0,5.96,18,0.14,1.39,9,0,3
167,TE,7842,"Miller, Heath",PIT,CIN,0,0,0,0,0,0,0,2.91,32,0.1,3
168,WR,8493,"Colston, Marques",NOS,NYG,0,0,0,0,0.01,0,0,2.61,33,0.09,3
169,RB,11200,"Randle, Joseph",DAL,SEA,0,0,0,0,5.25,24,0.15,0.78,7,0,3
170,TE,10744,"Green, Ladarius",SDC,BAL,0,0,0,0,0.04,0,0,2.28,28,0.33,3
171,WR,11213,"Austin, Tavon",STL,SFO,0,0,0,0,1.36,8,0.11,2.1,21,0.25,3
172,WR,11223,"Bailey, Stedman",STL,SFO,0,0,0,0,0.51,3,0.02,2.24,31,0.08,3
173,WR,10734,"Wright, Jarius",MIN,CHI,0,0,0,0,0.17,1,0,1.88,29,0.1,3
174,TE,11785,"Rodgers, Richard",GBP,DEN,0,0,0,0,0.09,1,0,2.74,27,0.28,3
175,TE,10742,"Allen, Dwayne",IND,CAR,0,0,0,0,0,0,0,2.48,26,0.36,3
176,WR,11231,"Wilson, Marquess",CHI,MIN,0,0,0,0,0.02,0,0,1.98,28,0.12,3
177,RB,10710,"Polk, Chris",HOU,TEN,0,0,0,0,5.61,19,0.1,1.07,7,0.03,3
178,WR,12187,"Lockett, Tyler",SEA,DAL,0,0,0,0,0.31,1,0,2.26,27,0.09,3
179,TE,9176,"Tamme, Jacob",ATL,TBB,0,0,0,0,0,0,0,2.22,25,0.01,3
180,RB,12159,"Allen, Javorius",BAL,SDC,0,0,0,0,4.26,17,0.02,1.78,11,0.21,3
181,RB,12171,"Johnson, David",ARI,CLE,0,0,0,0,3.33,14,0.4,1.56,19,0.21,3
182,WR,6931,"Johnson, Andre",IND,CAR,0,0,0,0,0.05,0,0,3.03,32,0.27,3
183,RB,12151,"Gordon, Melvin",SDC,BAL,0,0,0,0,5.8,22,0,0.74,5,0,3
184,RB,12169,"Rawls, Thomas",SEA,DAL,0,0,0,0,4.46,20,0.02,0.8,5,0.1,3
185,TE,9474,"Cook, Jared",STL,SFO,0,0,0,0,0.02,0,0,2.94,34,0.11,3
186,WR,9120,"Royal, Eddie",CHI,MIN,0,0,0,0,0.02,0,0,3.68,33,0.17,3
187,WR,11975,"Gabriel, Taylor",CLE,ARI,0,0,0,0,0.07,0,0,2.72,33,0.02,3
188,RB,12152,"Coleman, Tevin",ATL,TBB,0,0,0,0,6.08,26,0.13,0.94,7,0.04,3
189,WR,10307,"Hankerson, Leonard",ATL,TBB,0,0,0,0,0.01,0,0,2.04,25,0.15,3
190,WR,10392,"Kerley, Jeremy",NYJ,OAK,0,0,0,0,0.28,2,0,2.41,27,0.08,3
191,WR,9545,"Hartline, Brian",CLE,ARI,0,0,0,0,0.03,0,0,2.41,29,0.09,3
192,QB,11156,"Jones, Landry",PIT,CIN,3.35,39,0.21,0.19,1.4,0,0,0,0,0,2
193,WR,11225,"Patterson, Cordarrelle",MIN,CHI,0,0,0,0,0.35,1,0,1.52,17,0.06,2
194,TE,11587,"Ford, Chase",MIN,CHI,0,0,0,0,0,0,0,1.38,16,0.01,2
195,RB,11332,"Gray, Jonas",MIA,NEP,0,0,0,0,5.3,20,0.04,0.34,4,0,2
196,WR,7498,"Cotchery, Jerricho",CAR,IND,0,0,0,0,0.09,1,0,1.86,21,0.06,2
197,QB,11001,"Davis, Austin",CLE,ARI,4.21,47,0.01,0.23,0.16,0,0,0,0,0,2
198,TE,10139,"Cumberland, Jeff",NYJ,OAK,0,0,0,0,0,0,0,1.42,16,0.16,2
199,TE,11258,"Rivera, Mychal",OAK,NYJ,0,0,0,0,0,0,0,2.53,22,0.14,2
200,WR,11957,"Inman, Dontrelle",SDC,BAL,0,0,0,0,0.03,0,0,1.39,22,0.13,2
201,WR,8178,"Moore, Lance",DET,KCC,0,0,0,0,0,0,0,1.89,19,0.1,2
202,QB,8290,"Clemens, Kellen",SDC,BAL,2.59,30,0.32,0.06,0.23,0,0,0,0,0,2
203,QB,11152,"Glennon, Mike",TBB,ATL,3.7,42,0.38,0.26,0.26,1,0,0,0,0,2
204,RB,11179,"Michael, Christine",DAL,SEA,0,0,0,0,4.18,19,0.04,0.41,4,0,2
205,QB,9818,"Clausen, Jimmy",CHI,MIN,3.36,31,0,0.24,0.47,0,0,0,0,0,2
206,WR,12257,"Conley, Chris",KCC,DET,0,0,0,0,0.09,1,0,1.56,18,0.02,2
207,RB,9315,"Tolbert, Mike",CAR,IND,0,0,0,0,2.87,11,0.13,0.74,5,0.2,2
208,RB,9856,"McCluster, Dexter",TEN,HOU,0,0,0,0,2.52,9,0.01,1.15,11,0.05,2
209,TE,9838,"Gresham, Jermaine",ARI,CLE,0,0,0,0,0,0,0,1.98,20,0.09,2
210,WR,11218,"Patton, Quinton",SFO,STL,0,0,0,0,0.12,1,0,1.66,19,0.09,2
211,TE,12328,"Boyle, Nick",BAL,SDC,0,0,0,0,0,0,0,1.59,15,0.01,2
212,WR,11659,"Thomas, De'Anthony",KCC,DET,0,0,0,0,0.97,2,0,1.7,13,0.1,2
213,RB,9802,"Reece, Marcel",OAK,NYJ,0,0,0,0,0.75,3,0,1.97,18,0.14,2
214,RB,10998,"Asiata, Matt",MIN,CHI,0,0,0,0,2.92,12,0.02,1.21,9,0.03,2
215,QB,3445,"Hasselbeck, Matt",IND,CAR,4.66,47,0.32,0,0.99,0,0,0,0,0,2
216,QB,7957,"Orlovsky, Dan",DET,KCC,3.66,33,0.17,0.13,0.06,0,0,0,0,0,2
217,WR,12205,"Funchess, Devin",CAR,IND,0,0,0,0,0.07,0,0,1.38,18,0.01,2
218,TE,11249,"Sims, Dion",MIA,NEP,0,0,0,0,0,0,0,1.38,15,0.12,2
219,WR,8350,"Avant, Jason",KCC,DET,0,0,0,0,0.03,0,0,1.54,17,0,2
220,TE,9936,"Graham, Garrett",HOU,TEN,0,0,0,0,0,0,0,1.65,17,0.15,2
221,RB,12447,"Mostert, Raheem",BAL,SDC,0,0,0,0,2.63,13,0,0.63,5,0,2
222,QB,10948,"Keenum, Case",STL,SFO,4.54,44,0.15,0.27,0.57,1,0,0,0,0,2
223,TE,8735,"Chandler, Scott",NEP,MIA,0,0,0,0,0,0,0,1.69,19,0.15,2
224,RB,11886,"Williams, Damien",MIA,NEP,0,0,0,0,2.29,9,0.05,1.37,9,0.09,2
225,QB,8712,"Stanton, Drew",ARI,CLE,2.3,31,0.14,0.09,1.68,0,0,0,0,0,2
226,WR,9452,"Heyward-Bey, Darrius",PIT,CIN,0,0,0,0,0,0,0,1.28,15,0.14,2
227,RB,12161,"Artis-Payne, Cameron",CAR,IND,0,0,0,0,4.14,14,0,0.84,5,0,2
228,TE,10312,"Rudolph, Kyle",MIN,CHI,0,0,0,0,0,0,0,2.47,21,0.36,2
229,RB,10355,"Helu, Roy",OAK,NYJ,0,0,0,0,2.76,10,0,1.77,13,0.12,2
230,QB,7194,"Hill, Shaun",MIN,CHI,3.8,43,0.19,0.17,0.21,0,0.01,0,0,0,2
231,WR,10410,"Harris, Dwayne",NYG,NOS,0,0,0,0,0.04,0,0,1.92,24,0.02,2
232,WR,10674,"Holmes, Andre",OAK,NYJ,0,0,0,0,0.01,0,0,1.41,19,0.17,2
233,QB,10698,"Weeden, Brandon",DAL,SEA,2.42,32,0.42,0.04,1.15,1,0,0,0,0,2
234,QB,10391,"Yates, T.J.",HOU,TEN,3.56,42,0.09,0.22,0.14,1,0,0,0,0,2
235,RB,10368,"Jones, Taiwan",OAK,NYJ,0,0,0,0,1.61,8,0,1,8,0.02,2
236,TE,8339,"Daniels, Owen",DEN,GBP,0,0,0,0,0,0,0,2.29,21,0.3,2
237,WR,10735,"Quick, Brian",STL,SFO,0,0,0,0,0.04,0,0.02,1.32,18,0.06,2
238,WR,8667,"Bowe, Dwayne",CLE,ARI,0,0,0,0,0,0,0,1.51,19,0,2
239,WR,11220,"Fuller, Corey",DET,KCC,0,0,0,0,0,0,0,0.76,15,0.02,2
240,RB,11746,"West, Terrance",TEN,HOU,0,0,0,0,5.03,17,0.08,0.52,4,0.01,2
241,WR,10955,"Streater, Rod",OAK,NYJ,0,0,0,0,0,0,0,1.51,15,0.13,2
242,TE,12532,"Tye, Will",NYG,NOS,0,0,0,0,0,0,0,1.51,15,0.03,2
243,RB,10975,"Grimes, Jonathan",HOU,TEN,0,0,0,0,3.24,12,0.01,0.82,7,0,2
244,RB,9456,"Brown, Donald",SDC,BAL,0,0,0,0,3.44,11,0,1.29,11,0,2
245,TE,11381,"Willson, Luke",SEA,DAL,0,0,0,0,0,0,0,1.15,15,0.05,2
246,RB,10929,"Rainey, Bobby",TBB,ATL,0,0,0,0,2.92,10,0.03,1.29,11,0.03,2
247,WR,9783,"Norwood, Jordan",DEN,GBP,0,0,0,0,0,0,0,2.14,18,0.01,2
248,WR,11409,"Johnson, Charles",MIN,CHI,0,0,0,0,0.11,0,0,1.82,23,0.05,2
249,WR,9144,"Douglas, Harry",TEN,HOU,0,0,0,0,0.05,0,0,1.8,19,0.13,2
250,WR,11481,"Brown, Marlon",BAL,SDC,0,0,0,0,0,0,0,2.03,21,0.01,2
251,WR,11754,"Coleman, Brandon",NOS,NYG,0,0,0,0,0,0,0,1.07,16,0.06,2
252,TE,11697,"Seferian-Jenkins, Austin",TBB,ATL,0,0,0,0,0,0,0,1.93,22,0.17,2
253,TE,8294,"Fasano, Anthony",TEN,HOU,0,0,0,0,0,0,0,1.53,16,0.13,2
254,RB,11652,"Carey, Ka'Deem",CHI,MIN,0,0,0,0,1.33,5,0,0.15,2,0,1
255,TE,11529,"Hill, Josh",NOS,NYG,0,0,0,0,0,0,0,1.18,12,0.2,1
256,QB,11465,"McGloin, Matt",OAK,NYJ,5.08,44,0.39,0.51,0.26,1,0,0,0,0,1
257,WR,11456,"Brown, Jaron",ARI,CLE,0,0,0,0,0.01,0,0,0.88,9,0.11,1
258,WR,12541,"Dye, Donteea",TBB,ATL,0,0,0,0,0.05,0,0,0.94,11,0.08,1
259,WR,12471,"Roberts, Seth",OAK,NYJ,0,0,0,0,0,0,0,0.87,7,0.17,1
260,RB,12446,"Ward, Terron",ATL,TBB,0,0,0,0,2.24,8,0.08,0.83,6,0.01,1
261,WR,12465,"Meredith, Cameron",CHI,MIN,0,0,0,0,0,0,0,0.84,10,0,1
262,RB,12440,"Harris, Alonzo",GBP,DEN,0,0,0,0,0.66,4,0.01,0.29,2,0,1
263,WR,12180,"Green-Beckham, Dorial",TEN,HOU,0,0,0,0,0,0,0,0.85,13,0.24,1
264,WR,11752,"Matthews, Chris",SEA,DAL,0,0,0,0,0.01,0,0,0.57,7,0.01,1
265,QB,11760,"Garoppolo, Jimmy",NEP,MIA,1.09,10,0.02,0,1.38,0,0,0,0,0,1
266,RB,11747,"White, James",NEP,MIA,0,0,0,0,1.5,4,0,0.78,5,0,1
267,TE,11703,"Niklas, Troy",ARI,CLE,0,0,0,0,0.02,0,0,0.42,5,0.01,1
268,TE,11698,"Fiedorowicz, C.J.",HOU,TEN,0,0,0,0,0,0,0,0.62,6,0.1,1
269,RB,12164,"Davis, Mike",SFO,STL,0,0,0,0,2.73,5,0,0.46,2,0,1
270,RB,12163,"Robinson, Josh",IND,CAR,0,0,0,0,1.7,4,0,0.29,2,0,1
271,RB,11977,"Darkwa, Orleans",NYG,NOS,0,0,0,0,3.06,10,0.02,0.07,1,0,1
272,WR,11938,"Thielen, Adam",MIN,CHI,0,0,0,0,0,0,0,0.41,8,0.02,1
273,RB,11937,"Thompson, Juwan",DEN,GBP,0,0,0,0,1.74,8,0.07,0.24,2,0,1
274,RB,12156,"Langford, Jeremy",CHI,MIN,0,0,0,0,2.51,7,0.2,0.4,5,0,1
275,QB,4891,"Vick, Michael",PIT,CIN,1.16,11,0.05,0.04,0.43,2,0,0,0,0,1
276,WR,11689,"Ellington, Bruce",SFO,STL,0,0,0,0,0.09,1,0.01,0.66,10,0.06,1
277,TE,12206,"Williams, Maxx",BAL,SDC,0,0,0,0,0,0,0,1.46,14,0.01,1
278,TE,12210,"Walford, Clive",OAK,NYJ,0,0,0,0,0,0,0,0.64,10,0.11,1
279,WR,12261,"Montgomery, Ty",GBP,DEN,0,0,0,0,0.29,1,0,1.44,13,0.19,1
280,TE,12330,"O'Shaughnessy, James",KCC,DET,0,0,0,0,0,0,0,1.06,14,0,1
281,WR,12185,"Hardy, Justin",ATL,TBB,0,0,0,0,0.07,0,0,0.76,7,0.08,1
282,WR,12182,"Smith, Devin",NYJ,OAK,0,0,0,0,0,0,0,0.76,9,0,1
283,WR,12176,"Parker, DeVante",MIA,NEP,0,0,0,0,0,0,0,0.71,11,0.04,1
284,WR,11687,"Street, Devin",DAL,SEA,0,0,0,0,0,0,0,0.32,5,0.06,1
285,WR,11681,"Richardson, Paul",SEA,DAL,0,0,0,0,0,0,0,1.13,11,0.01,1
286,WR,12179,"Strong, Jaelen",HOU,TEN,0,0,0,0,0,0,0,0.83,11,0.26,1
287,WR,12331,"Mumphery, Keith",HOU,TEN,0,0,0,0,0,0,0,0.97,10,0,1
288,RB,11367,"Juszczyk, Kyle",BAL,SDC,0,0,0,0,0,0,0,1.26,11,0.01,1
289,WR,10987,"Whalen, Griff",IND,CAR,0,0,0,0,0.03,0,0,0.71,9,0.05,1
290,TE,9946,"Hoomanawanui, Michael",NOS,NYG,0,0,0,0,0,0,0,1,6,0.16,1
291,RB,10932,"Bolden, Brandon",NEP,MIA,0,0,0,0,1.8,6,0.04,0.31,2,0.02,1
292,TE,10877,"Hanna, James",DAL,SEA,0,0,0,0,0,0,0,0.58,5,0.01,1
293,TE,10838,"Ellison, Rhett",MIN,CHI,0,0,0,0,0,0,0,0.55,5,0.01,1
294,TE,10015,"Dray, Jim",CLE,ARI,0,0,0,0,0.03,0,0,0.76,8,0.04,1
295,TE,9912,"Dickson, Ed",CAR,IND,0,0,0,0,0,0,0,0.99,11,0.03,1
296,RB,11176,"Taylor, Stepfan",ARI,CLE,0,0,0,0,2.47,9,0.01,0.24,2,0.04,1
297,QB,8322,"Whitehurst, Charlie",TEN,HOU,1.56,20,0.12,0.07,0.3,1,0,0,0,0,1
298,TE,9444,"Pettigrew, Brandon",DET,KCC,0,0,0,0,0,0,0,0.85,9,0,1
299,WR,11214,"Dobson, Aaron",NEP,MIA,0,0,0,0,0,0,0,0.75,9,0,1
300,RB,11199,"Ware, Spencer",KCC,DET,0,0,0,0,1.33,4,0,0.51,4,0,1
301,RB,11182,"Burkhead, Rex",CIN,PIT,0,0,0,0,0.54,2,0.04,0.68,9,0,1
302,WR,10835,"Martin, Keshawn",NEP,MIA,0,0,0,0,0,0,0,0.6,8,0.02,1
303,RB,8590,"Kuhn, John",GBP,DEN,0,0,0,0,0.58,2,0.2,0.65,5,0,1
304,QB,10498,"Tolzien, Scott",GBP,DEN,1.01,12,0,0.07,1.18,2,0.09,0,0,0,1
305,QB,8944,"Moore, Matt",MIA,NEP,0.66,10,0,0.18,0.65,0,0,0,0,0,1
306,RB,10334,"Ridley, Stevan",NYJ,OAK,0,0,0,0,2.74,7,0,0.58,4,0,1
307,WR,10496,"Lockette, Ricardo",SEA,DAL,0,0,0,0,0.02,0,0,0.55,10,0.11,1
308,TE,10432,"Green, Virgil",DEN,GBP,0,0,0,0,0.03,0,0,0.64,6,0.14,1
309,QB,10702,"Osweiler, Brock",DEN,GBP,1.03,11,0.1,0,0.92,0,0,0,0,0,1
310,TE,10318,"Kendricks, Lance",STL,SFO,0,0,0,0,0,0,0,1.31,13,0.18,1
311,WR,10736,"Givens, Chris",BAL,SDC,0,0,0,0,0.16,0,0,0.75,9,0,1
312,WR,10741,"Owusu, Chris",NYJ,OAK,0,0,0,0,0.01,0,0.01,0.47,6,0.02,1
313,QB,10262,"Gabbert, Blaine",SFO,STL,0.6,8,0.2,0,0.41,1,0,0,0,0,1
314,RB,10301,"Todman, Jordan",PIT,CIN,0,0,0,0,0.8,5,0.03,0.58,4,0.01,1
315,WR,8772,"Jones, Jacoby",SDC,BAL,0,0,0,0,0.19,1,0,0.46,8,0,1
316,WR,11237,"Shepard, Russell",TBB,ATL,0,0,0,0,0.01,0,0,0.84,11,0.02,1
317,TE,11007,"Celek, Garrett",SFO,STL,0,0,0,0,0,0,0,1.26,13,0.07,1
318,TE,11252,"Toilolo, Levine",ATL,TBB,0,0,0,0,0,0,0,0.72,6,0.01,1
319,RB,11342,"Whittaker, Fozzy",CAR,IND,0,0,0,0,1.53,6,0,0.68,6,0.05,1
320,TE,9632,"Myers, Brandon",TBB,ATL,0,0,0,0,0,0,0,1.21,12,0,1
321,WR,9524,"Tate, Brandon",CIN,PIT,0,0,0,0,0.03,0,0,0.38,8,0.1,1
322,WR,11406,"Butler, Brice",DAL,SEA,0,0,0,0,0.06,0,0,0.59,11,0.05,1
323,WR,9625,"Gibson, Brandon",NEP,MIA,0,0,0,0,0,0,0,0,0,0,0
324,WR,9200,"Slater, Matt",NEP,MIA,0,0,0,0,0,0,0,0,0,0,0
325,TE,9145,"Stevens, Craig",TEN,HOU,0,0,0,0,0,0,0,0.3,3,0,0
326,RB,10300,"Rodgers, Jacquizz",CHI,MIN,0,0,0,0,0,0,0,0,0,0,0
327,WR,9118,"Nelson, Jordy",GBP,DEN,0,0,0,0,0,0,0,0,0,0,0
328,RB,12458,"Wegher, Brandon",CAR,IND,0,0,0,0,0,0,0,0,0,0,0
329,RB,10241,"Tukuafu, Will",SEA,DAL,0,0,0,0,0.07,0,0,0.01,0,0,0
330,WR,12177,"White, Kevin",CHI,MIN,0,0,0,0,0,0,0,0,0,0,0
331,QB,12142,"Hundley, Brett",GBP,DEN,0,0,0,0,0,0,0,0,0,0,0
332,TE,9205,"Davis, Kellen",NYJ,OAK,0,0,0,0,0,0,0,0.17,2,0,0
333,QB,12144,"Petty, Bryce",NYJ,OAK,0.46,3,0,0.11,0.21,1,0,0,0,0,0
334,WR,10088,"Moore, Marlon",CLE,ARI,0,0,0,0,0,0,0,0,0,0,0
335,WR,12178,"Coates, Sammie",PIT,CIN,0,0,0,0,0,0,0,0.06,0,0,0
336,TE,10102,"Crabtree, Tom",TBB,ATL,0,0,0,0,0,0,0,0.3,2,0,0
337,RB,9616,"Peerman, Cedric",CIN,PIT,0,0,0,0,0.27,0,0,0.17,1,0,0
338,RB,9054,"Charles, Jamaal",KCC,DET,0,0,0,0,0,0,0,0,0,0,0
339,TE,12479,"Lee, Khari",CHI,MIN,0,0,0,0,0,0,0,0,0,0,0
340,RB,12154,"Ajayi, Jay",MIA,NEP,0,0,0,0,0,0,0,0,0,0,0
341,QB,12145,"Mannion, Sean",STL,SFO,0,0,0,0,0,0,0,0,0,0,0
342,WR,9560,"Murphy, Louis",TBB,ATL,0,0,0,0,0,0,0,0,0,0,0
343,TE,10354,"Stocker, Luke",TBB,ATL,0,0,0,0,0,0,0,0.58,4,0,0
344,QB,12146,"Grayson, Garrett",NOS,NYG,0,0,0,0,0,0,0,0,0,0,0
345,QB,12476,"Heinicke, Taylor",MIN,CHI,0,0,0,0,0,0,0,0,0,0,0
346,TE,10333,"Housler, Robert",CLE,ARI,0,0,0,0,0.01,0,0,0.15,2,0,0
347,RB,12444,"Smith, Rod",DAL,SEA,0,0,0,0,0.3,1,0,0.15,0,0,0
348,RB,12158,"Cobb, David",TEN,HOU,0,0,0,0,0,0,0,0,0,0,0
349,TE,9611,"Miller, Zach",CHI,MIN,0,0,0,0,0,0,0,0.3,3,0,0
350,WR,12475,"Marquez, Bradley",STL,SFO,0,0,0,0,0,0,0,0,0,0,0
351,WR,10327,"Little, Greg",CIN,PIT,0,0,0,0,0,0,0,0.3,3,0,0
352,WR,10359,"Gates, Clyde",NYJ,OAK,0,0,0,0,0,0,0,0,0,0,0
353,WR,12439,"Whitehead, Lucky",DAL,SEA,0,0,0,0,0.17,1,0,0,0,0,0
354,QB,12381,"Siemian, Trevor",DEN,GBP,0,0,0,0,0,0,0,0,0,0,0
355,WR,9383,"Weems, Eric",ATL,TBB,0,0,0,0,0,0,0,0.46,4,0.13,0
356,WR,12263,"Waller, Darren",BAL,SDC,0,0,0,0,0,0,0,0,0,0,0
357,RB,12256,"Hayne, Jarryd",SFO,STL,0,0,0,0,0.63,2,0,0.06,0,0,0
358,TE,12214,"Bibbs, E.J.",CLE,ARI,0,0,0,0,0,0,0,0,0,0,0
359,TE,12212,"Kroft, Tyler",CIN,PIT,0,0,0,0,0,0,0,0.23,2,0,0
360,TE,12213,"Bell, Blake",SFO,STL,0,0,0,0,0,0,0,0.27,2,0,0
361,RB,12264,"Zenner, Zach",DET,KCC,0,0,0,0,0,0,0,0,0,0,0
362,TE,12309,"Pruitt, MyCole",MIN,CHI,0,0,0,0,0,0,0,0.27,4,0,0
363,TE,12317,"Uzomah, C.J.",CIN,PIT,0,0,0,0,0,0,0,0,0,0,0
364,WR,12319,"Nelson, J.J.",ARI,CLE,0,0,0,0,0,0,0,0,0,0,0
365,RB,9690,"Foster, Arian",HOU,TEN,0,0,0,0,0,0,0,0,0,0,0
366,WR,12338,"Davis, Geremy",NYG,NOS,0,0,0,0,0,0,0,0.21,3,0,0
367,RB,12353,"Ripkowski, Aaron",GBP,DEN,0,0,0,0,0,0,0,0,0,0,0
368,WR,12374,"Alford, Mario",CIN,PIT,0,0,0,0,0.07,0,0,0,0,0,0
369,RB,12367,"Murphy, Marcus",NOS,NYG,0,0,0,0,0.23,1,0,0.03,0,0,0
370,TE,12211,"James, Jesse",PIT,CIN,0,0,0,0,0,0,0,0,0,0,0
371,TE,9933,"Pitta, Dennis",BAL,SDC,0,0,0,0,0,0,0,0,0,0,0
372,QB,9992,"Webb, Joe",CAR,IND,0,0,0,0,0,0,0,0,0,0,0
373,WR,12188,"Dorsett, Phillip",IND,CAR,0,0,0,0,0,0,0,0,0,0,0
374,WR,12429,"White, DeAndrew",SFO,STL,0,0,0,0,0,0,0,0,0,0,0
375,WR,10009,"Mariani, Marc",CHI,MIN,0,0,0,0,0,0,0,0,0,0,0
376,TE,12433,"Parker, Brian",KCC,DET,0,0,0,0,0,0,0,0,0,0,0
377,QB,9706,"Daniel, Chase",KCC,DET,0.12,2,0,0.09,0.52,0,0,0,0,0,0
378,TE,12116,"Denham, Anthony",HOU,TEN,0,0,0,0,0,0,0,0,0,0,0
379,WR,12195,"Bell, Kenny",TBB,ATL,0,0,0,0,0,0,0,0,0,0,0
380,WR,12197,"Perriman, Breshad",BAL,SDC,0,0,0,0,0,0,0,0,0,0,0
381,TE,12208,"Heuerman, Jeff",DEN,GBP,0,0,0,0,0,0,0,0,0,0,0
382,RB,10378,"Sherman, Anthony",KCC,DET,0,0,0,0,0.15,0,0,0.46,4,0.01,0
383,TE,12385,"Christian, Gerald",ARI,CLE,0,0,0,0,0,0,0,0,0,0,0
384,TE,9960,"Quarless, Andrew",GBP,DEN,0,0,0,0,0,0,0,0,0,0,0
385,WR,12204,"Smelter, DeAndre",SFO,STL,0,0,0,0,0,0,0,0,0,0,0
386,RB,12393,"Varga, Tyler",IND,CAR,0,0,0,0,0,0,0,0,0,0,0
387,TE,9638,"Phillips, John",SDC,BAL,0,0,0,0,0,0,0,0.41,3,0.09,0
388,RB,11943,"Tipton, Zurlon",IND,CAR,0,0,0,0,0.12,1,0,0,0,0,0
389,TE,11245,"Stoneburner, Jake",MIA,NEP,0,0,0,0,0,0,0,0.24,2,0.1,0
390,WR,11236,"Blake, Emory",STL,SFO,0,0,0,0,0,0,0,0,0,0,0
391,QB,8305,"Jackson, Tarvaris",SEA,DAL,0.21,0,0,0,0,0,0,0,0,0,0
392,QB,11649,"Savage, Tom",HOU,TEN,0,0,0,0,0,0,0,0,0,0,0
393,QB,11648,"Murray, Aaron",KCC,DET,0,0,0,0,0,0,0,0,0,0,0
394,QB,11643,"McCarron, A.J.",CIN,PIT,0,0,0,0,0.24,0,0,0,0,0,0
395,TE,11251,"Escobar, Gavin",DAL,SEA,0,0,0,0,0,0,0,0.5,4,0.17,0
396,WR,8298,"Hester, Devin",ATL,TBB,0,0,0,0,0,0,0,0,0,0,0
397,WR,11224,"Boyce, Josh",NEP,MIA,0,0,0,0,0,0,0,0,0,0,0
398,RB,11661,"Gaffney, Tyler",NEP,MIA,0,0,0,0,0,0,0,0,0,0,0
399,QB,11162,"Renfree, Sean",ATL,TBB,0.14,1,0,0,0.38,0,0,0,0,0,0
400,QB,11155,"Nassib, Ryan",NYG,NOS,0.47,6,0,0,0.3,0,0,0,0,0,0
401,QB,11151,"Barkley, Matt",ARI,CLE,0,0,0,0,0,0,0,0,0,0,0
402,QB,11170,"Bray, Tyler",KCC,DET,0,0,0,0,0,0,0,0,0,0,0
403,QB,8435,"Gradkowski, Bruce",PIT,CIN,0,0,0,0,0,0,0,0,0,0,0
404,QB,8025,"Anderson, Derek",CAR,IND,0.32,3,0.07,0,0.04,0,0,0,0,0,0
405,WR,11673,"Benjamin, Kelvin",CAR,IND,0,0,0,0,0,0,0,0,0,0,0
406,TE,11257,"McDonald, Vance",SFO,STL,0,0,0,0,0,0,0,0.56,4,0,0
407,TE,11259,"Sudfeld, Zach",NYJ,OAK,0,0,0,0,0,0,0,0,0,0,0
408,WR,11413,"Dorsey, Kevin",NEP,MIA,0,0,0,0,0,0,0,0,0,0,0
409,RB,11474,"Line, Zach",MIN,CHI,0,0,0,0,0.43,0,0.22,0.19,4,0,0
410,TE,11399,"Griffin, Ryan",HOU,TEN,0,0,0,0,0,0,0,0,0,0,0
411,WR,10080,"Cruz, Victor",NYG,NOS,0,0,0,0,0,0,0,0,0,0,0
412,TE,11429,"Cunningham, Justice",STL,SFO,0,0,0,0,0,0,0,0.12,1,0,0
413,TE,10564,"Reisner, Allen",JAC,,0,0,0,0,0,0,0,0.09,1,0,0
414,QB,11441,"Griffin, Ryan",TBB,ATL,0,0,0,0,0,0,0,0,0,0,0
415,RB,11435,"Hill, Michael",DAL,SEA,0,0,0,0,0,0,0,0,0,0,0
416,TE,11516,"Doyle, Jack",IND,CAR,0,0,0,0,0,0,0,0.84,4,0.01,0
417,RB,11524,"Coleman, Derrick",SEA,DAL,0,0,0,0,0,0,0,0,0,0,0
418,WR,11582,"Dawson, Skye",TBB,ATL,0,0,0,0,0.11,0,0,0,0,0,0
419,WR,11570,"Golden, Brittan",ARI,CLE,0,0,0,0,0,0,0,0.09,2,0,0
420,WR,11584,"Tyms, Brian",NEP,MIA,0,0,0,0,0,0,0,0,0,0,0
421,RB,11100,"DiMarco, Patrick",ATL,TBB,0,0,0,0,0,0,0,0.49,4,0.01,0
422,RB,11540,"Reynolds, Chase",STL,SFO,0,0,0,0,0,0,0,0.02,0,0,0
423,TE,11526,"Wright, Tim",DET,KCC,0,0,0,0,0,0,0,0,0,0,0
424,TE,11337,"Fells, Darren",ARI,CLE,0,0,0,0,0,0,0,0,0,0,0
425,WR,11104,"Bellamy, Josh",CHI,MIN,0,0,0,0,0,0,0,0.05,1,0.05,0
426,WR,11686,"Jones, T.J.",DET,KCC,0,0,0,0,0.18,0,0,0.19,2,0,0
427,WR,11902,"Washington, L'Damian",PIT,CIN,0,0,0,0,0,0,0,0,0,0,0
428,RB,11911,"Cobb, Terrance",OAK,NYJ,0,0,0,0,0.22,0,0,0,0,0,0
429,QB,10704,"Harnish, Chandler",IND,CAR,0,0,0,0,0,0,0,0,0,0,0
430,QB,11897,"Shaw, Connor",CLE,ARI,0,0,0,0,0,0,0,0,0,0,0
431,TE,8736,"Spaeth, Matt",PIT,CIN,0,0,0,0,0,0,0,0.06,1,0.03,0
432,WR,11870,"Janis, Jeff",GBP,DEN,0,0,0,0,0,0,0,0.18,4,0,0
433,WR,11874,"Wright, James",CIN,PIT,0,0,0,0,0,0,0,0,0,0,0
434,RB,10716,"Demps, Jeff",TBB,ATL,0,0,0,0,0,0,0,0,0,0,0
435,TE,11448,"Harris, Demetrius",KCC,DET,0,0,0,0,0,0,0,0.28,2,0,0
436,QB,7480,"Schaub, Matt",BAL,SDC,0.41,5,0,0.08,0.11,0,0,0,0,0,0
437,TE,11981,"Helfet, Cooper",SEA,DAL,0,0,0,0,0,0,0,0.26,4,0.02,0
438,TE,11628,"Supernaw, Phillip",TEN,HOU,0,0,0,0,0,0,0,0.01,0,0,0
439,WR,9050,"Caldwell, Andre",DEN,GBP,0,0,0,0,0,0,0,0.47,3,0,0
440,RB,11979,"Winston, Glenn",CLE,ARI,0,0,0,0,0,0,0,0,0,0,0
441,TE,10398,"Smith, Lee",OAK,NYJ,0,0,0,0,0,0,0,0.7,4,0.01,0
442,RB,11964,"Perry, Senorise",CHI,MIN,0,0,0,0,0,0,0,0,0,0,0
443,WR,11967,"Hammond, Frankie",KCC,DET,0,0,0,0,0,0,0,0,0,0,0
444,WR,11857,"Campanaro, Michael",BAL,SDC,0,0,0,0,0,0,0,0,0,0,0
445,WR,11850,"Enunwa, Quincy",NYJ,OAK,0,0,0,0,0,0,0,0,0,0,0
446,RB,10961,"Dunbar, Lance",DAL,SEA,0,0,0,0,0,0,0,0,0,0,0
447,WR,10960,"Gordon, Josh",CLE,ARI,0,0,0,0,0,0,0,0,0,0,0
448,QB,10935,"Tanney, Alex",CLE,ARI,0,0,0,0,0,0,0,0,0,0,0
449,TE,11696,"Amaro, Jace",NYJ,OAK,0,0,0,0,0,0,0,0,0,0,0
450,QB,11002,"Bethel-Thompson, McLeod",SFO,STL,0,0,0,0,0,0,0,0,0,0,0
451,TE,11089,"Harkey, Cory",STL,SFO,0,0,0,0,0,0,0,0.35,2,0.01,0
452,TE,11004,"Jones, Dominique",KCC,DET,0,0,0,0,0,0,0,0.02,0,0,0
453,RB,11748,"Gaskins, Kendall",SFO,STL,0,0,0,0,0,0,0,0,0,0,0
454,WR,11749,"Harris, Marcus",NYG,NOS,0,0,0,0,0,0,0,0,0,0,0
455,RB,11809,"Taliaferro, Lorenzo",BAL,SDC,0,0,0,0,0,0,0,0,0,0,0
456,QB,7496,"McCown, Luke",NOS,NYG,0.04,1,0,0,0.02,0,0,0,0,0,0
457,WR,11839,"Hazel, Matt",MIA,NEP,0,0,0,0,0,0,0,0,0,0,0
458,WR,11798,"Norwood, Kevin",CAR,IND,0,0,0,0,0.03,0,0,0.28,3,0,0
459,RB,11784,"Archer, Dri",PIT,CIN,0,0,0,0,0.45,2,0,0.33,2,0,0
460,TE,8532,"Fells, Daniel",NYG,NOS,0,0,0,0,0,0,0,0,0,0,0
461,WR,11758,"Latimer, Cody",DEN,GBP,0,0,0,0,0,0,0,0.17,2,0,0
462,QB,7260,"Romo, Tony",DAL,SEA,0,0,0,0,0,0,0,0,0,0,0
